/*
SQLyog Community v12.2.6 (32 bit)
MySQL - 5.7.20 : Database - amsdb
*********************************************************************
*/

/*!40101 SET NAMES utf8 */;

/*!40101 SET SQL_MODE=''*/;

/*!40014 SET @OLD_UNIQUE_CHECKS=@@UNIQUE_CHECKS, UNIQUE_CHECKS=0 */;
/*!40014 SET @OLD_FOREIGN_KEY_CHECKS=@@FOREIGN_KEY_CHECKS, FOREIGN_KEY_CHECKS=0 */;
/*!40101 SET @OLD_SQL_MODE=@@SQL_MODE, SQL_MODE='NO_AUTO_VALUE_ON_ZERO' */;
/*!40111 SET @OLD_SQL_NOTES=@@SQL_NOTES, SQL_NOTES=0 */;
CREATE DATABASE /*!32312 IF NOT EXISTS*/`amsdb` /*!40100 DEFAULT CHARACTER SET utf8 */;

USE `amsdb`;

/*Table structure for table `apt_detail` */

DROP TABLE IF EXISTS `apt_detail`;

CREATE TABLE `apt_detail` (
  `FLAT_ID` bigint(20) NOT NULL AUTO_INCREMENT,
  `APT_ID` bigint(20) NOT NULL,
  `OWNER_ID` bigint(20) DEFAULT NULL,
  `TENANT_ID` bigint(20) DEFAULT NULL,
  `TOWERNO` varchar(10) DEFAULT NULL,
  `FLOORNO` varchar(10) DEFAULT NULL,
  `HOUSENO` varchar(10) DEFAULT NULL,
  `PARKINGNO` varchar(10) DEFAULT NULL,
  `RENTED` char(1) DEFAULT NULL,
  `FLATNO` varchar(4000) DEFAULT NULL,
  `RESIDE_DT` datetime DEFAULT NULL,
  PRIMARY KEY (`FLAT_ID`)
) ENGINE=InnoDB AUTO_INCREMENT=85 DEFAULT CHARSET=utf8;

/*Data for the table `apt_detail` */

insert  into `apt_detail`(`FLAT_ID`,`APT_ID`,`OWNER_ID`,`TENANT_ID`,`TOWERNO`,`FLOORNO`,`HOUSENO`,`PARKINGNO`,`RENTED`,`FLATNO`,`RESIDE_DT`) values 
(62,1001,NULL,NULL,'A','1','B','A1-B',NULL,'A1-B',NULL),
(64,1001,NULL,NULL,'A','2','A','A2-A',NULL,'A2-A',NULL),
(65,1001,13,0,'A','2','B','A2-B',NULL,'A2-B',NULL),
(66,1001,20,NULL,'A','2','C','A2-C',NULL,'A2-C',NULL),
(67,1001,13,11,'A','3','A','A3-A',NULL,'A3-A',NULL),
(69,1001,NULL,NULL,'A','3','C','A3-C',NULL,'A3-C',NULL),
(70,1001,10,NULL,'A','4','A','A4-A',NULL,'A4-A',NULL),
(71,1001,11,NULL,'A','4','B','A4-B',NULL,'A4-B',NULL),
(72,1001,12,NULL,'A','4','c','A4-C',NULL,'A4-C',NULL),
(73,1001,19,NULL,'A','1','A','A1-A',NULL,'A1-A',NULL),
(74,1001,NULL,NULL,'A','1','B','A1-B',NULL,'A1-B',NULL),
(75,1001,NULL,NULL,'A','1','C','A1-C',NULL,'A1-C',NULL),
(76,1001,NULL,NULL,'A','2','A','A2-A',NULL,'A2-A',NULL),
(77,1001,NULL,0,'A','2','B','A2-B',NULL,'A2-B',NULL),
(78,1001,NULL,NULL,'A','2','C','A2-C',NULL,'A2-C',NULL),
(79,1001,NULL,NULL,'A','3','A','A3-A',NULL,'A3-A',NULL),
(80,1001,NULL,NULL,'A','3','B','A3-B',NULL,'A3-B',NULL),
(81,1001,NULL,NULL,'A','3','C','A3-C',NULL,'A3-C',NULL),
(82,1001,NULL,NULL,'A','4','A','A4-A',NULL,'A4-A',NULL),
(83,1001,NULL,NULL,'A','4','B','A4-B',NULL,'A4-B',NULL),
(84,1001,NULL,NULL,'A','4','c','A4-C',NULL,'A4-C',NULL);

/*Table structure for table `apt_master` */

DROP TABLE IF EXISTS `apt_master`;

CREATE TABLE `apt_master` (
  `APT_ID` bigint(20) NOT NULL AUTO_INCREMENT,
  `APT_NAME` varchar(100) DEFAULT NULL,
  `APT_ADDR` varchar(300) DEFAULT NULL,
  `NO_OF_FLATS` varchar(10) DEFAULT NULL,
  `BUILDER_NAME` varchar(100) DEFAULT NULL,
  `BUILDER_ADDRESS` varchar(500) DEFAULT NULL,
  PRIMARY KEY (`APT_ID`)
) ENGINE=InnoDB AUTO_INCREMENT=1004 DEFAULT CHARSET=utf8;

/*Data for the table `apt_master` */

insert  into `apt_master`(`APT_ID`,`APT_NAME`,`APT_ADDR`,`NO_OF_FLATS`,`BUILDER_NAME`,`BUILDER_ADDRESS`) values 
(1001,'Brundaban Apartment','Patia,BBSR','12','Om pvt Ltd','CSPUR,BBSR'),
(1002,'Green Field Apartment','Jaydev Vihar,BBSR','20','Surya Builders PVT LTD','Jaydev Vihar,BBSR'),
(1003,'Club House Apartment','PATIA,BBSR','30','Jagnath Builder Pvt LTD','PATIA,BBSR');

/*Table structure for table `bill_details` */

DROP TABLE IF EXISTS `bill_details`;

CREATE TABLE `bill_details` (
  `APT_ID` bigint(20) DEFAULT NULL,
  `BILL_ID` bigint(20) NOT NULL AUTO_INCREMENT,
  `BILL_AMOUNT` decimal(16,4) DEFAULT '0.0000',
  `CR_DR_INDICATOR` char(1) DEFAULT 'D',
  `LST_UPDT_ID` varchar(34) NOT NULL DEFAULT 'SYSTEM',
  `LST_UPDT_DT` timestamp NOT NULL DEFAULT CURRENT_TIMESTAMP,
  `BILL_TYP_ID` int(11) DEFAULT NULL,
  `BILL_FREQ_ID` int(11) DEFAULT NULL,
  `NOTEBOOK_STATUS` int(11) DEFAULT NULL,
  PRIMARY KEY (`BILL_ID`),
  UNIQUE KEY `INDEX_BILL_DETAILS` (`APT_ID`,`BILL_TYP_ID`,`BILL_FREQ_ID`,`LST_UPDT_DT`),
  KEY `BILL_TYP_ID` (`BILL_TYP_ID`),
  KEY `BILL_FREQ_ID` (`BILL_FREQ_ID`),
  CONSTRAINT `bill_details_ibfk_1` FOREIGN KEY (`APT_ID`) REFERENCES `apt_master` (`APT_ID`),
  CONSTRAINT `bill_details_ibfk_2` FOREIGN KEY (`BILL_TYP_ID`) REFERENCES `bill_type` (`BILL_TYP_ID`),
  CONSTRAINT `bill_details_ibfk_3` FOREIGN KEY (`BILL_FREQ_ID`) REFERENCES `bill_frequency` (`BILL_FREQ_ID`)
) ENGINE=InnoDB AUTO_INCREMENT=78 DEFAULT CHARSET=utf8;

/*Data for the table `bill_details` */

insert  into `bill_details`(`APT_ID`,`BILL_ID`,`BILL_AMOUNT`,`CR_DR_INDICATOR`,`LST_UPDT_ID`,`LST_UPDT_DT`,`BILL_TYP_ID`,`BILL_FREQ_ID`,`NOTEBOOK_STATUS`) values 
(1001,69,1000.0000,'D','SYSTEM','2017-12-21 00:00:00',1,30,1),
(1001,70,50.0000,'D','SYSTEM','2017-12-21 00:00:00',2,30,1),
(1001,71,200.0000,'D','SYSTEM','2017-12-21 00:00:00',3,30,1),
(1001,72,50.0000,'D','SYSTEM','2017-12-21 00:00:00',4,30,1),
(1001,73,100.0000,'D','SYSTEM','2017-12-21 00:00:00',5,30,1),
(1001,74,100.0000,'D','SYSTEM','2017-12-21 00:00:00',6,30,1),
(1001,75,200.0000,'D','SYSTEM','2017-12-21 00:00:00',7,7,1),
(1001,76,100.0000,'D','SYSTEM','2017-12-21 00:00:00',8,30,1),
(1001,77,100.0000,'D','SYSTEM','2017-12-21 00:00:00',9,30,1);

/*Table structure for table `bill_frequency` */

DROP TABLE IF EXISTS `bill_frequency`;

CREATE TABLE `bill_frequency` (
  `BILL_FREQ_ID` int(11) NOT NULL,
  `BILL_FREQ_DESC` varchar(100) NOT NULL,
  `LST_UPDT_ID` varchar(34) NOT NULL DEFAULT 'SYSTEM',
  `LST_UPDT_TS` timestamp NOT NULL DEFAULT CURRENT_TIMESTAMP,
  PRIMARY KEY (`BILL_FREQ_ID`),
  UNIQUE KEY `INDEX_BILL_FREQUENCY` (`BILL_FREQ_ID`)
) ENGINE=InnoDB DEFAULT CHARSET=utf8;

/*Data for the table `bill_frequency` */

insert  into `bill_frequency`(`BILL_FREQ_ID`,`BILL_FREQ_DESC`,`LST_UPDT_ID`,`LST_UPDT_TS`) values 
(1,'DAILY','SYSTEM','2017-12-17 06:51:17'),
(7,'WEEKLY','SYSTEM','2017-12-17 06:51:28'),
(15,'BI-WEEKLY','SYSTEM','2017-12-17 06:51:42'),
(30,'MONTHLY','SYSTEM','2017-12-17 06:51:49'),
(90,'QUATERLY','SYSTEM','2017-12-17 07:00:04'),
(180,'HALF-YEARLY','SYSTEM','2017-12-17 07:00:21'),
(360,'YEARLY','SYSTEM','2017-12-17 07:00:37');

/*Table structure for table `bill_sub_type` */

DROP TABLE IF EXISTS `bill_sub_type`;

CREATE TABLE `bill_sub_type` (
  `BILL_SUB_TYP_ID` int(11) NOT NULL AUTO_INCREMENT,
  `BILL_TYP_ID` int(11) NOT NULL,
  `BILL_SUB_TYP_DESC` varchar(100) NOT NULL,
  `BILL_TYP_APPLICABLE` char(1) NOT NULL DEFAULT 'Y',
  `LST_UPDT_ID` varchar(34) NOT NULL,
  `LST_UPDT_TS` timestamp NOT NULL DEFAULT CURRENT_TIMESTAMP ON UPDATE CURRENT_TIMESTAMP,
  `BILL_AMOUNT` decimal(16,2) NOT NULL DEFAULT '0.00',
  `CR_DR_INDICATOR` char(1) NOT NULL DEFAULT 'D',
  PRIMARY KEY (`BILL_SUB_TYP_ID`),
  UNIQUE KEY `INDEX_BILL_SUB_TYPE` (`BILL_SUB_TYP_ID`),
  KEY `BILL_TYP_ID` (`BILL_TYP_ID`),
  CONSTRAINT `bill_sub_type_ibfk_1` FOREIGN KEY (`BILL_TYP_ID`) REFERENCES `bill_type` (`BILL_TYP_ID`) ON DELETE CASCADE
) ENGINE=InnoDB AUTO_INCREMENT=15 DEFAULT CHARSET=utf8;

/*Data for the table `bill_sub_type` */

insert  into `bill_sub_type`(`BILL_SUB_TYP_ID`,`BILL_TYP_ID`,`BILL_SUB_TYP_DESC`,`BILL_TYP_APPLICABLE`,`LST_UPDT_ID`,`LST_UPDT_TS`,`BILL_AMOUNT`,`CR_DR_INDICATOR`) values 
(1,1,'Security Gaurd','Y','s.mohanty@y.com','2018-02-06 08:05:15',200.00,'D'),
(5,2,'Pool Water','Y','SYSTE','2018-02-07 13:55:16',0.00,'D'),
(6,1,'HI','Y','s.mohanty@y.com','2018-02-07 15:09:27',299.00,'D'),
(7,1,'abc','Y','s.mohanty@y.com','2018-02-07 15:16:27',3993.00,'D'),
(10,2,'33','N','s.mohanty@y.com','2018-02-07 15:22:32',22.00,'D'),
(12,1,'dfd','N','s.mohanty@y.com','2018-02-07 15:24:16',333.00,'C'),
(13,20,'dsfs','N','s.mohanty@y.com','2018-02-07 15:26:34',333.00,'C');

/*Table structure for table `bill_type` */

DROP TABLE IF EXISTS `bill_type`;

CREATE TABLE `bill_type` (
  `APT_ID` bigint(20) DEFAULT NULL,
  `BILL_TYP_ID` int(11) NOT NULL AUTO_INCREMENT,
  `BILL_TYP_DESC` varchar(100) NOT NULL,
  `BILL_TYP_APPLICABLE` char(1) NOT NULL DEFAULT 'Y',
  `LST_UPDT_ID` varchar(34) NOT NULL,
  `LST_UPDT_TS` timestamp NOT NULL DEFAULT CURRENT_TIMESTAMP ON UPDATE CURRENT_TIMESTAMP,
  `BILL_AMOUNT` decimal(16,2) NOT NULL DEFAULT '0.00',
  `CR_DR_INDICATOR` char(1) NOT NULL DEFAULT 'D',
  `BILL_FREQ_ID` int(11) DEFAULT NULL,
  PRIMARY KEY (`BILL_TYP_ID`),
  UNIQUE KEY `INDEX_BILL_TYPE` (`APT_ID`,`BILL_TYP_ID`),
  KEY `BILL_FREQ_ID` (`BILL_FREQ_ID`),
  CONSTRAINT `bill_type_ibfk_1` FOREIGN KEY (`APT_ID`) REFERENCES `apt_master` (`APT_ID`),
  CONSTRAINT `bill_type_ibfk_2` FOREIGN KEY (`BILL_FREQ_ID`) REFERENCES `bill_frequency` (`BILL_FREQ_ID`)
) ENGINE=InnoDB AUTO_INCREMENT=41 DEFAULT CHARSET=utf8;

/*Data for the table `bill_type` */

insert  into `bill_type`(`APT_ID`,`BILL_TYP_ID`,`BILL_TYP_DESC`,`BILL_TYP_APPLICABLE`,`LST_UPDT_ID`,`LST_UPDT_TS`,`BILL_AMOUNT`,`CR_DR_INDICATOR`,`BILL_FREQ_ID`) values 
(1001,1,'SECURITY','Y','s.mohanty@y.com','2018-02-06 07:40:56',1000.00,'D',30),
(1001,2,'ELECTRIC REPAIR','Y','s.mohanty@y.com','2018-01-20 07:13:49',50.00,'D',30),
(1001,3,'HOUSE KEEPING','Y','s.mohanty@y.com','2018-02-06 08:08:47',200.00,'D',30),
(1001,4,'POOL MAINTENANCE','Y','SYSTEM','2018-01-20 04:52:00',50.00,'D',30),
(1001,5,'LIFT MAINTENANCE','Y','SYSTEM','2018-01-20 04:50:52',100.00,'D',30),
(1001,6,'LANDSCAPING','Y','SYSTEM','2018-01-20 04:50:50',100.00,'D',30),
(1001,7,'GARDEN MAINTENANCE','Y','SYSTEM','2017-12-21 06:14:33',50.00,'D',7),
(1001,8,'SOCIAL EVENT','Y','SYSTEM','2017-12-21 06:19:54',100.00,'D',30),
(1001,9,'MIS./OTHER EXPENSE','Y','s.mohanty@y.com','2018-01-21 20:08:15',100.00,'D',30),
(1002,20,'dfdsfsa','Y','s.mohanty@y.com','2018-01-29 16:09:50',0.00,'D',30),
(1003,27,'Security Deposit','Y','s.mohanty@y.com','2018-01-20 13:14:27',0.00,'D',30),
(1003,29,'Pool maintenance','N','s.mohanty@y.com','2018-01-30 08:35:40',0.00,'D',30),
(1002,37,'hoello','Y','s.mohanty@y.com','2018-01-29 16:09:52',0.00,'D',30),
(1001,40,'Hello','Y','s.mohanty@y.com','2018-02-01 15:23:23',0.00,'D',30);

/*Table structure for table `billing_notebook` */

DROP TABLE IF EXISTS `billing_notebook`;

CREATE TABLE `billing_notebook` (
  `APT_ID` bigint(20) NOT NULL,
  `FLAT_ID` bigint(20) NOT NULL,
  `BILL_ID` int(11) NOT NULL AUTO_INCREMENT,
  `BILL_AMOUNT` decimal(16,4) DEFAULT '0.0000',
  `CR_DR_INDICATOR` char(1) DEFAULT 'D',
  `BILL_GENERATION_DT` datetime DEFAULT CURRENT_TIMESTAMP,
  `LST_UPDT_ID` varchar(34) NOT NULL DEFAULT 'SYSTEM',
  `LST_UPDT_DT` timestamp NOT NULL DEFAULT CURRENT_TIMESTAMP,
  PRIMARY KEY (`BILL_ID`,`APT_ID`,`FLAT_ID`),
  UNIQUE KEY `INDEX_BILLING_NOTEBOOK` (`APT_ID`,`FLAT_ID`,`BILL_ID`,`BILL_GENERATION_DT`,`CR_DR_INDICATOR`),
  KEY `FLAT_ID` (`FLAT_ID`),
  CONSTRAINT `billing_notebook_ibfk_1` FOREIGN KEY (`APT_ID`) REFERENCES `apt_master` (`APT_ID`),
  CONSTRAINT `billing_notebook_ibfk_2` FOREIGN KEY (`FLAT_ID`) REFERENCES `apt_detail` (`FLAT_ID`)
) ENGINE=InnoDB AUTO_INCREMENT=78 DEFAULT CHARSET=utf8;

/*Data for the table `billing_notebook` */

insert  into `billing_notebook`(`APT_ID`,`FLAT_ID`,`BILL_ID`,`BILL_AMOUNT`,`CR_DR_INDICATOR`,`BILL_GENERATION_DT`,`LST_UPDT_ID`,`LST_UPDT_DT`) values 
(1001,62,69,1000.0000,'D','2017-12-21 00:00:00','SYSTEM','2017-12-21 07:06:32'),
(1001,64,69,1000.0000,'D','2017-12-21 00:00:00','SYSTEM','2017-12-21 07:06:32'),
(1001,65,69,1000.0000,'D','2017-12-21 00:00:00','SYSTEM','2017-12-21 07:06:32'),
(1001,66,69,1000.0000,'D','2017-12-21 00:00:00','SYSTEM','2017-12-21 07:06:32'),
(1001,67,69,1000.0000,'D','2017-12-21 00:00:00','SYSTEM','2017-12-21 07:06:32'),
(1001,69,69,1000.0000,'D','2017-12-21 00:00:00','SYSTEM','2017-12-21 07:06:32'),
(1001,70,69,1000.0000,'D','2017-12-21 00:00:00','SYSTEM','2017-12-21 07:06:32'),
(1001,71,69,1000.0000,'D','2017-12-21 00:00:00','SYSTEM','2017-12-21 07:06:32'),
(1001,72,69,1000.0000,'D','2017-12-21 00:00:00','SYSTEM','2017-12-21 07:06:32'),
(1001,73,69,1000.0000,'D','2017-12-21 00:00:00','SYSTEM','2017-12-21 07:06:32'),
(1001,74,69,1000.0000,'D','2017-12-21 00:00:00','SYSTEM','2017-12-21 07:06:32'),
(1001,75,69,1000.0000,'D','2017-12-21 00:00:00','SYSTEM','2017-12-21 07:06:32'),
(1001,76,69,1000.0000,'D','2017-12-21 00:00:00','SYSTEM','2017-12-21 07:06:32'),
(1001,77,69,1000.0000,'D','2017-12-21 00:00:00','SYSTEM','2017-12-21 07:06:32'),
(1001,78,69,1000.0000,'D','2017-12-21 00:00:00','SYSTEM','2017-12-21 07:06:32'),
(1001,79,69,1000.0000,'D','2017-12-21 00:00:00','SYSTEM','2017-12-21 07:06:32'),
(1001,80,69,1000.0000,'D','2017-12-21 00:00:00','SYSTEM','2017-12-21 07:06:32'),
(1001,81,69,1000.0000,'D','2017-12-21 00:00:00','SYSTEM','2017-12-21 07:06:32'),
(1001,82,69,1000.0000,'D','2017-12-21 00:00:00','SYSTEM','2017-12-21 07:06:32'),
(1001,83,69,1000.0000,'D','2017-12-21 00:00:00','SYSTEM','2017-12-21 07:06:32'),
(1001,84,69,1000.0000,'D','2017-12-21 00:00:00','SYSTEM','2017-12-21 07:06:32'),
(1001,62,70,50.0000,'D','2017-12-21 00:00:00','SYSTEM','2017-12-21 07:06:32'),
(1001,64,70,50.0000,'D','2017-12-21 00:00:00','SYSTEM','2017-12-21 07:06:32'),
(1001,65,70,50.0000,'D','2017-12-21 00:00:00','SYSTEM','2017-12-21 07:06:32'),
(1001,66,70,50.0000,'D','2017-12-21 00:00:00','SYSTEM','2017-12-21 07:06:32'),
(1001,67,70,50.0000,'D','2017-12-21 00:00:00','SYSTEM','2017-12-21 07:06:32'),
(1001,69,70,50.0000,'D','2017-12-21 00:00:00','SYSTEM','2017-12-21 07:06:32'),
(1001,70,70,50.0000,'D','2017-12-21 00:00:00','SYSTEM','2017-12-21 07:06:32'),
(1001,71,70,50.0000,'D','2017-12-21 00:00:00','SYSTEM','2017-12-21 07:06:32'),
(1001,72,70,50.0000,'D','2017-12-21 00:00:00','SYSTEM','2017-12-21 07:06:32'),
(1001,73,70,50.0000,'D','2017-12-21 00:00:00','SYSTEM','2017-12-21 07:06:32'),
(1001,74,70,50.0000,'D','2017-12-21 00:00:00','SYSTEM','2017-12-21 07:06:32'),
(1001,75,70,50.0000,'D','2017-12-21 00:00:00','SYSTEM','2017-12-21 07:06:32'),
(1001,76,70,50.0000,'D','2017-12-21 00:00:00','SYSTEM','2017-12-21 07:06:32'),
(1001,77,70,50.0000,'D','2017-12-21 00:00:00','SYSTEM','2017-12-21 07:06:32'),
(1001,78,70,50.0000,'D','2017-12-21 00:00:00','SYSTEM','2017-12-21 07:06:32'),
(1001,79,70,50.0000,'D','2017-12-21 00:00:00','SYSTEM','2017-12-21 07:06:32'),
(1001,80,70,50.0000,'D','2017-12-21 00:00:00','SYSTEM','2017-12-21 07:06:32'),
(1001,81,70,50.0000,'D','2017-12-21 00:00:00','SYSTEM','2017-12-21 07:06:32'),
(1001,82,70,50.0000,'D','2017-12-21 00:00:00','SYSTEM','2017-12-21 07:06:32'),
(1001,83,70,50.0000,'D','2017-12-21 00:00:00','SYSTEM','2017-12-21 07:06:32'),
(1001,84,70,50.0000,'D','2017-12-21 00:00:00','SYSTEM','2017-12-21 07:06:32'),
(1001,62,71,200.0000,'D','2017-12-21 00:00:00','SYSTEM','2017-12-21 07:06:32'),
(1001,64,71,200.0000,'D','2017-12-21 00:00:00','SYSTEM','2017-12-21 07:06:32'),
(1001,65,71,200.0000,'D','2017-12-21 00:00:00','SYSTEM','2017-12-21 07:06:32'),
(1001,66,71,200.0000,'D','2017-12-21 00:00:00','SYSTEM','2017-12-21 07:06:32'),
(1001,67,71,200.0000,'D','2017-12-21 00:00:00','SYSTEM','2017-12-21 07:06:32'),
(1001,69,71,200.0000,'D','2017-12-21 00:00:00','SYSTEM','2017-12-21 07:06:32'),
(1001,70,71,200.0000,'D','2017-12-21 00:00:00','SYSTEM','2017-12-21 07:06:32'),
(1001,71,71,200.0000,'D','2017-12-21 00:00:00','SYSTEM','2017-12-21 07:06:32'),
(1001,72,71,200.0000,'D','2017-12-21 00:00:00','SYSTEM','2017-12-21 07:06:32'),
(1001,73,71,200.0000,'D','2017-12-21 00:00:00','SYSTEM','2017-12-21 07:06:32'),
(1001,74,71,200.0000,'D','2017-12-21 00:00:00','SYSTEM','2017-12-21 07:06:32'),
(1001,75,71,200.0000,'D','2017-12-21 00:00:00','SYSTEM','2017-12-21 07:06:32'),
(1001,76,71,200.0000,'D','2017-12-21 00:00:00','SYSTEM','2017-12-21 07:06:32'),
(1001,77,71,200.0000,'D','2017-12-21 00:00:00','SYSTEM','2017-12-21 07:06:32'),
(1001,78,71,200.0000,'D','2017-12-21 00:00:00','SYSTEM','2017-12-21 07:06:32'),
(1001,79,71,200.0000,'D','2017-12-21 00:00:00','SYSTEM','2017-12-21 07:06:32'),
(1001,80,71,200.0000,'D','2017-12-21 00:00:00','SYSTEM','2017-12-21 07:06:32'),
(1001,81,71,200.0000,'D','2017-12-21 00:00:00','SYSTEM','2017-12-21 07:06:32'),
(1001,82,71,200.0000,'D','2017-12-21 00:00:00','SYSTEM','2017-12-21 07:06:32'),
(1001,83,71,200.0000,'D','2017-12-21 00:00:00','SYSTEM','2017-12-21 07:06:32'),
(1001,84,71,200.0000,'D','2017-12-21 00:00:00','SYSTEM','2017-12-21 07:06:32'),
(1001,62,72,50.0000,'D','2017-12-21 00:00:00','SYSTEM','2017-12-21 07:06:32'),
(1001,64,72,50.0000,'D','2017-12-21 00:00:00','SYSTEM','2017-12-21 07:06:32'),
(1001,65,72,50.0000,'D','2017-12-21 00:00:00','SYSTEM','2017-12-21 07:06:32'),
(1001,66,72,50.0000,'D','2017-12-21 00:00:00','SYSTEM','2017-12-21 07:06:32'),
(1001,67,72,50.0000,'D','2017-12-21 00:00:00','SYSTEM','2017-12-21 07:06:32'),
(1001,69,72,50.0000,'D','2017-12-21 00:00:00','SYSTEM','2017-12-21 07:06:32'),
(1001,70,72,50.0000,'D','2017-12-21 00:00:00','SYSTEM','2017-12-21 07:06:32'),
(1001,71,72,50.0000,'D','2017-12-21 00:00:00','SYSTEM','2017-12-21 07:06:32'),
(1001,72,72,50.0000,'D','2017-12-21 00:00:00','SYSTEM','2017-12-21 07:06:32'),
(1001,73,72,50.0000,'D','2017-12-21 00:00:00','SYSTEM','2017-12-21 07:06:32'),
(1001,74,72,50.0000,'D','2017-12-21 00:00:00','SYSTEM','2017-12-21 07:06:32'),
(1001,75,72,50.0000,'D','2017-12-21 00:00:00','SYSTEM','2017-12-21 07:06:32'),
(1001,76,72,50.0000,'D','2017-12-21 00:00:00','SYSTEM','2017-12-21 07:06:32'),
(1001,77,72,50.0000,'D','2017-12-21 00:00:00','SYSTEM','2017-12-21 07:06:32'),
(1001,78,72,50.0000,'D','2017-12-21 00:00:00','SYSTEM','2017-12-21 07:06:32'),
(1001,79,72,50.0000,'D','2017-12-21 00:00:00','SYSTEM','2017-12-21 07:06:32'),
(1001,80,72,50.0000,'D','2017-12-21 00:00:00','SYSTEM','2017-12-21 07:06:32'),
(1001,81,72,50.0000,'D','2017-12-21 00:00:00','SYSTEM','2017-12-21 07:06:32'),
(1001,82,72,50.0000,'D','2017-12-21 00:00:00','SYSTEM','2017-12-21 07:06:32'),
(1001,83,72,50.0000,'D','2017-12-21 00:00:00','SYSTEM','2017-12-21 07:06:32'),
(1001,84,72,50.0000,'D','2017-12-21 00:00:00','SYSTEM','2017-12-21 07:06:32'),
(1001,62,73,100.0000,'D','2017-12-21 00:00:00','SYSTEM','2017-12-21 07:06:32'),
(1001,64,73,100.0000,'D','2017-12-21 00:00:00','SYSTEM','2017-12-21 07:06:32'),
(1001,65,73,100.0000,'D','2017-12-21 00:00:00','SYSTEM','2017-12-21 07:06:32'),
(1001,66,73,100.0000,'D','2017-12-21 00:00:00','SYSTEM','2017-12-21 07:06:32'),
(1001,67,73,100.0000,'D','2017-12-21 00:00:00','SYSTEM','2017-12-21 07:06:32'),
(1001,69,73,100.0000,'D','2017-12-21 00:00:00','SYSTEM','2017-12-21 07:06:32'),
(1001,70,73,100.0000,'D','2017-12-21 00:00:00','SYSTEM','2017-12-21 07:06:32'),
(1001,71,73,100.0000,'D','2017-12-21 00:00:00','SYSTEM','2017-12-21 07:06:32'),
(1001,72,73,100.0000,'D','2017-12-21 00:00:00','SYSTEM','2017-12-21 07:06:32'),
(1001,73,73,100.0000,'D','2017-12-21 00:00:00','SYSTEM','2017-12-21 07:06:32'),
(1001,74,73,100.0000,'D','2017-12-21 00:00:00','SYSTEM','2017-12-21 07:06:32'),
(1001,75,73,100.0000,'D','2017-12-21 00:00:00','SYSTEM','2017-12-21 07:06:32'),
(1001,76,73,100.0000,'D','2017-12-21 00:00:00','SYSTEM','2017-12-21 07:06:32'),
(1001,77,73,100.0000,'D','2017-12-21 00:00:00','SYSTEM','2017-12-21 07:06:32'),
(1001,78,73,100.0000,'D','2017-12-21 00:00:00','SYSTEM','2017-12-21 07:06:32'),
(1001,79,73,100.0000,'D','2017-12-21 00:00:00','SYSTEM','2017-12-21 07:06:32'),
(1001,80,73,100.0000,'D','2017-12-21 00:00:00','SYSTEM','2017-12-21 07:06:32'),
(1001,81,73,100.0000,'D','2017-12-21 00:00:00','SYSTEM','2017-12-21 07:06:32'),
(1001,82,73,100.0000,'D','2017-12-21 00:00:00','SYSTEM','2017-12-21 07:06:32'),
(1001,83,73,100.0000,'D','2017-12-21 00:00:00','SYSTEM','2017-12-21 07:06:32'),
(1001,84,73,100.0000,'D','2017-12-21 00:00:00','SYSTEM','2017-12-21 07:06:32'),
(1001,62,74,100.0000,'D','2017-12-21 00:00:00','SYSTEM','2017-12-21 07:06:32'),
(1001,64,74,100.0000,'D','2017-12-21 00:00:00','SYSTEM','2017-12-21 07:06:32'),
(1001,65,74,100.0000,'D','2017-12-21 00:00:00','SYSTEM','2017-12-21 07:06:32'),
(1001,66,74,100.0000,'D','2017-12-21 00:00:00','SYSTEM','2017-12-21 07:06:32'),
(1001,67,74,100.0000,'D','2017-12-21 00:00:00','SYSTEM','2017-12-21 07:06:32'),
(1001,69,74,100.0000,'D','2017-12-21 00:00:00','SYSTEM','2017-12-21 07:06:32'),
(1001,70,74,100.0000,'D','2017-12-21 00:00:00','SYSTEM','2017-12-21 07:06:32'),
(1001,71,74,100.0000,'D','2017-12-21 00:00:00','SYSTEM','2017-12-21 07:06:32'),
(1001,72,74,100.0000,'D','2017-12-21 00:00:00','SYSTEM','2017-12-21 07:06:32'),
(1001,73,74,100.0000,'D','2017-12-21 00:00:00','SYSTEM','2017-12-21 07:06:32'),
(1001,74,74,100.0000,'D','2017-12-21 00:00:00','SYSTEM','2017-12-21 07:06:32'),
(1001,75,74,100.0000,'D','2017-12-21 00:00:00','SYSTEM','2017-12-21 07:06:32'),
(1001,76,74,100.0000,'D','2017-12-21 00:00:00','SYSTEM','2017-12-21 07:06:32'),
(1001,77,74,100.0000,'D','2017-12-21 00:00:00','SYSTEM','2017-12-21 07:06:32'),
(1001,78,74,100.0000,'D','2017-12-21 00:00:00','SYSTEM','2017-12-21 07:06:32'),
(1001,79,74,100.0000,'D','2017-12-21 00:00:00','SYSTEM','2017-12-21 07:06:32'),
(1001,80,74,100.0000,'D','2017-12-21 00:00:00','SYSTEM','2017-12-21 07:06:32'),
(1001,81,74,100.0000,'D','2017-12-21 00:00:00','SYSTEM','2017-12-21 07:06:32'),
(1001,82,74,100.0000,'D','2017-12-21 00:00:00','SYSTEM','2017-12-21 07:06:32'),
(1001,83,74,100.0000,'D','2017-12-21 00:00:00','SYSTEM','2017-12-21 07:06:32'),
(1001,84,74,100.0000,'D','2017-12-21 00:00:00','SYSTEM','2017-12-21 07:06:32'),
(1001,62,75,200.0000,'D','2017-12-21 00:00:00','SYSTEM','2017-12-21 07:06:32'),
(1001,64,75,200.0000,'D','2017-12-21 00:00:00','SYSTEM','2017-12-21 07:06:32'),
(1001,65,75,200.0000,'D','2017-12-21 00:00:00','SYSTEM','2017-12-21 07:06:32'),
(1001,66,75,200.0000,'D','2017-12-21 00:00:00','SYSTEM','2017-12-21 07:06:32'),
(1001,67,75,200.0000,'D','2017-12-21 00:00:00','SYSTEM','2017-12-21 07:06:32'),
(1001,69,75,200.0000,'D','2017-12-21 00:00:00','SYSTEM','2017-12-21 07:06:32'),
(1001,70,75,200.0000,'D','2017-12-21 00:00:00','SYSTEM','2017-12-21 07:06:32'),
(1001,71,75,200.0000,'D','2017-12-21 00:00:00','SYSTEM','2017-12-21 07:06:32'),
(1001,72,75,200.0000,'D','2017-12-21 00:00:00','SYSTEM','2017-12-21 07:06:32'),
(1001,73,75,200.0000,'D','2017-12-21 00:00:00','SYSTEM','2017-12-21 07:06:32'),
(1001,74,75,200.0000,'D','2017-12-21 00:00:00','SYSTEM','2017-12-21 07:06:32'),
(1001,75,75,200.0000,'D','2017-12-21 00:00:00','SYSTEM','2017-12-21 07:06:32'),
(1001,76,75,200.0000,'D','2017-12-21 00:00:00','SYSTEM','2017-12-21 07:06:32'),
(1001,77,75,200.0000,'D','2017-12-21 00:00:00','SYSTEM','2017-12-21 07:06:32'),
(1001,78,75,200.0000,'D','2017-12-21 00:00:00','SYSTEM','2017-12-21 07:06:32'),
(1001,79,75,200.0000,'D','2017-12-21 00:00:00','SYSTEM','2017-12-21 07:06:32'),
(1001,80,75,200.0000,'D','2017-12-21 00:00:00','SYSTEM','2017-12-21 07:06:32'),
(1001,81,75,200.0000,'D','2017-12-21 00:00:00','SYSTEM','2017-12-21 07:06:32'),
(1001,82,75,200.0000,'D','2017-12-21 00:00:00','SYSTEM','2017-12-21 07:06:32'),
(1001,83,75,200.0000,'D','2017-12-21 00:00:00','SYSTEM','2017-12-21 07:06:32'),
(1001,84,75,200.0000,'D','2017-12-21 00:00:00','SYSTEM','2017-12-21 07:06:32'),
(1001,62,76,100.0000,'D','2017-12-21 00:00:00','SYSTEM','2017-12-21 07:06:32'),
(1001,64,76,100.0000,'D','2017-12-21 00:00:00','SYSTEM','2017-12-21 07:06:32'),
(1001,65,76,100.0000,'D','2017-12-21 00:00:00','SYSTEM','2017-12-21 07:06:32'),
(1001,66,76,100.0000,'D','2017-12-21 00:00:00','SYSTEM','2017-12-21 07:06:32'),
(1001,67,76,100.0000,'D','2017-12-21 00:00:00','SYSTEM','2017-12-21 07:06:32'),
(1001,69,76,100.0000,'D','2017-12-21 00:00:00','SYSTEM','2017-12-21 07:06:32'),
(1001,70,76,100.0000,'D','2017-12-21 00:00:00','SYSTEM','2017-12-21 07:06:32'),
(1001,71,76,100.0000,'D','2017-12-21 00:00:00','SYSTEM','2017-12-21 07:06:32'),
(1001,72,76,100.0000,'D','2017-12-21 00:00:00','SYSTEM','2017-12-21 07:06:32'),
(1001,73,76,100.0000,'D','2017-12-21 00:00:00','SYSTEM','2017-12-21 07:06:32'),
(1001,74,76,100.0000,'D','2017-12-21 00:00:00','SYSTEM','2017-12-21 07:06:32'),
(1001,75,76,100.0000,'D','2017-12-21 00:00:00','SYSTEM','2017-12-21 07:06:32'),
(1001,76,76,100.0000,'D','2017-12-21 00:00:00','SYSTEM','2017-12-21 07:06:32'),
(1001,77,76,100.0000,'D','2017-12-21 00:00:00','SYSTEM','2017-12-21 07:06:32'),
(1001,78,76,100.0000,'D','2017-12-21 00:00:00','SYSTEM','2017-12-21 07:06:32'),
(1001,79,76,100.0000,'D','2017-12-21 00:00:00','SYSTEM','2017-12-21 07:06:32'),
(1001,80,76,100.0000,'D','2017-12-21 00:00:00','SYSTEM','2017-12-21 07:06:32'),
(1001,81,76,100.0000,'D','2017-12-21 00:00:00','SYSTEM','2017-12-21 07:06:32'),
(1001,82,76,100.0000,'D','2017-12-21 00:00:00','SYSTEM','2017-12-21 07:06:32'),
(1001,83,76,100.0000,'D','2017-12-21 00:00:00','SYSTEM','2017-12-21 07:06:32'),
(1001,84,76,100.0000,'D','2017-12-21 00:00:00','SYSTEM','2017-12-21 07:06:32'),
(1001,62,77,100.0000,'D','2017-12-21 00:00:00','SYSTEM','2017-12-21 07:06:32'),
(1001,64,77,100.0000,'D','2017-12-21 00:00:00','SYSTEM','2017-12-21 07:06:32'),
(1001,65,77,100.0000,'D','2017-12-21 00:00:00','SYSTEM','2017-12-21 07:06:32'),
(1001,66,77,100.0000,'D','2017-12-21 00:00:00','SYSTEM','2017-12-21 07:06:32'),
(1001,67,77,100.0000,'D','2017-12-21 00:00:00','SYSTEM','2017-12-21 07:06:32'),
(1001,69,77,100.0000,'D','2017-12-21 00:00:00','SYSTEM','2017-12-21 07:06:32'),
(1001,70,77,100.0000,'D','2017-12-21 00:00:00','SYSTEM','2017-12-21 07:06:32'),
(1001,71,77,100.0000,'D','2017-12-21 00:00:00','SYSTEM','2017-12-21 07:06:32'),
(1001,72,77,100.0000,'D','2017-12-21 00:00:00','SYSTEM','2017-12-21 07:06:32'),
(1001,73,77,100.0000,'D','2017-12-21 00:00:00','SYSTEM','2017-12-21 07:06:32'),
(1001,74,77,100.0000,'D','2017-12-21 00:00:00','SYSTEM','2017-12-21 07:06:32'),
(1001,75,77,100.0000,'D','2017-12-21 00:00:00','SYSTEM','2017-12-21 07:06:32'),
(1001,76,77,100.0000,'D','2017-12-21 00:00:00','SYSTEM','2017-12-21 07:06:32'),
(1001,77,77,100.0000,'D','2017-12-21 00:00:00','SYSTEM','2017-12-21 07:06:32'),
(1001,78,77,100.0000,'D','2017-12-21 00:00:00','SYSTEM','2017-12-21 07:06:32'),
(1001,79,77,100.0000,'D','2017-12-21 00:00:00','SYSTEM','2017-12-21 07:06:32'),
(1001,80,77,100.0000,'D','2017-12-21 00:00:00','SYSTEM','2017-12-21 07:06:32'),
(1001,81,77,100.0000,'D','2017-12-21 00:00:00','SYSTEM','2017-12-21 07:06:32'),
(1001,82,77,100.0000,'D','2017-12-21 00:00:00','SYSTEM','2017-12-21 07:06:32'),
(1001,83,77,100.0000,'D','2017-12-21 00:00:00','SYSTEM','2017-12-21 07:06:32'),
(1001,84,77,100.0000,'D','2017-12-21 00:00:00','SYSTEM','2017-12-21 07:06:32');

/*Table structure for table `billing_summary` */

DROP TABLE IF EXISTS `billing_summary`;

CREATE TABLE `billing_summary` (
  `APT_ID` bigint(20) DEFAULT NULL,
  `FLAT_ID` bigint(20) DEFAULT NULL,
  `BILL_AMOUNT` decimal(16,4) DEFAULT '0.0000',
  `STA_CD` int(11) DEFAULT NULL,
  `BILL_GENERATION_DT` datetime DEFAULT CURRENT_TIMESTAMP,
  `LST_UPDT_ID` varchar(34) NOT NULL DEFAULT 'SYSTEM',
  `LST_UPDT_DT` timestamp NOT NULL DEFAULT CURRENT_TIMESTAMP,
  UNIQUE KEY `INDEX_BILLING_SUMMARY` (`APT_ID`,`FLAT_ID`,`BILL_GENERATION_DT`),
  KEY `FLAT_ID` (`FLAT_ID`),
  CONSTRAINT `billing_summary_ibfk_1` FOREIGN KEY (`APT_ID`) REFERENCES `apt_master` (`APT_ID`),
  CONSTRAINT `billing_summary_ibfk_2` FOREIGN KEY (`FLAT_ID`) REFERENCES `apt_detail` (`FLAT_ID`)
) ENGINE=InnoDB DEFAULT CHARSET=utf8;

/*Data for the table `billing_summary` */

insert  into `billing_summary`(`APT_ID`,`FLAT_ID`,`BILL_AMOUNT`,`STA_CD`,`BILL_GENERATION_DT`,`LST_UPDT_ID`,`LST_UPDT_DT`) values 
(1001,62,1900.0000,1,'2017-12-21 00:00:00','SYSTEM','2017-12-21 07:06:32'),
(1001,64,1900.0000,1,'2017-12-21 00:00:00','SYSTEM','2017-12-21 07:06:32'),
(1001,65,1900.0000,1,'2017-12-21 00:00:00','SYSTEM','2017-12-21 07:06:32'),
(1001,66,1900.0000,1,'2017-12-21 00:00:00','SYSTEM','2017-12-21 07:06:32'),
(1001,67,1900.0000,1,'2017-12-21 00:00:00','SYSTEM','2017-12-21 07:06:32'),
(1001,69,1900.0000,1,'2017-12-21 00:00:00','SYSTEM','2017-12-21 07:06:32'),
(1001,70,1900.0000,1,'2017-12-21 00:00:00','SYSTEM','2017-12-21 07:06:32'),
(1001,71,1900.0000,1,'2017-12-21 00:00:00','SYSTEM','2017-12-21 07:06:32'),
(1001,72,1900.0000,1,'2017-12-21 00:00:00','SYSTEM','2017-12-21 07:06:32'),
(1001,73,1900.0000,1,'2017-12-21 00:00:00','SYSTEM','2017-12-21 07:06:32'),
(1001,74,1900.0000,1,'2017-12-21 00:00:00','SYSTEM','2017-12-21 07:06:32'),
(1001,75,1900.0000,1,'2017-12-21 00:00:00','SYSTEM','2017-12-21 07:06:32'),
(1001,76,1900.0000,1,'2017-12-21 00:00:00','SYSTEM','2017-12-21 07:06:32'),
(1001,77,1900.0000,1,'2017-12-21 00:00:00','SYSTEM','2017-12-21 07:06:32'),
(1001,78,1900.0000,1,'2017-12-21 00:00:00','SYSTEM','2017-12-21 07:06:32'),
(1001,79,1900.0000,1,'2017-12-21 00:00:00','SYSTEM','2017-12-21 07:06:32'),
(1001,80,1900.0000,1,'2017-12-21 00:00:00','SYSTEM','2017-12-21 07:06:32'),
(1001,81,1900.0000,1,'2017-12-21 00:00:00','SYSTEM','2017-12-21 07:06:32'),
(1001,82,1900.0000,1,'2017-12-21 00:00:00','SYSTEM','2017-12-21 07:06:32'),
(1001,83,1900.0000,1,'2017-12-21 00:00:00','SYSTEM','2017-12-21 07:06:32'),
(1001,84,1900.0000,1,'2017-12-21 00:00:00','SYSTEM','2017-12-21 07:06:32');

/*Table structure for table `comp_category` */

DROP TABLE IF EXISTS `comp_category`;

CREATE TABLE `comp_category` (
  `CATEGORY_ID` varchar(10) NOT NULL,
  `CAT_DESC` varchar(100) DEFAULT NULL,
  PRIMARY KEY (`CATEGORY_ID`)
) ENGINE=InnoDB DEFAULT CHARSET=utf8;

/*Data for the table `comp_category` */

insert  into `comp_category`(`CATEGORY_ID`,`CAT_DESC`) values 
('201','Plumber'),
('202','Electrical'),
('203','Repair'),
('204','Other');

/*Table structure for table `complaint` */

DROP TABLE IF EXISTS `complaint`;

CREATE TABLE `complaint` (
  `REQ_ID` bigint(20) NOT NULL AUTO_INCREMENT,
  `FLAT_ID` bigint(20) NOT NULL,
  `ISSUE_DESC` varchar(1000) DEFAULT NULL,
  `CATEGORY_ID` varchar(10) DEFAULT NULL,
  `RAISED_DATE` datetime DEFAULT NULL,
  `CLOSE_DATE` datetime DEFAULT NULL,
  `STATUS` varchar(10) DEFAULT NULL,
  `REQUESTOR_ID` bigint(20) DEFAULT NULL,
  PRIMARY KEY (`REQ_ID`)
) ENGINE=InnoDB AUTO_INCREMENT=2 DEFAULT CHARSET=utf8;

/*Data for the table `complaint` */

insert  into `complaint`(`REQ_ID`,`FLAT_ID`,`ISSUE_DESC`,`CATEGORY_ID`,`RAISED_DATE`,`CLOSE_DATE`,`STATUS`,`REQUESTOR_ID`) values 
(1,67,' Lift Not working','202','2017-09-16 18:13:56',NULL,'OPEN',13);

/*Table structure for table `resident` */

DROP TABLE IF EXISTS `resident`;

CREATE TABLE `resident` (
  `RESIDENT_ID` bigint(20) NOT NULL AUTO_INCREMENT,
  `LOGIN_ID` varchar(20) DEFAULT NULL,
  `LOGIN_PWD` varchar(20) DEFAULT NULL,
  `RESIDENT_NAME` varchar(50) NOT NULL,
  `RES_CONTACT_NO` varchar(15) DEFAULT NULL,
  `RES_LANDLINE_NO` varchar(20) DEFAULT NULL,
  `RES_ADD_COMM` varchar(100) NOT NULL,
  `RES_ADD_PERMANENT` varchar(100) NOT NULL,
  `RES_ALT_CONTACT_NO` varchar(20) DEFAULT NULL,
  `RES_EMAIL_ID` varchar(50) DEFAULT NULL,
  `ID_PROOF_TYPE` varchar(50) DEFAULT NULL,
  `ID_PROOF_NO` varchar(50) DEFAULT NULL,
  `ISACTIVE` varchar(4000) DEFAULT NULL,
  `VERIFIED` varchar(4000) DEFAULT NULL,
  `ROLE` varchar(4000) DEFAULT NULL,
  `FLATNO` varchar(4000) DEFAULT NULL,
  PRIMARY KEY (`RESIDENT_ID`)
) ENGINE=InnoDB AUTO_INCREMENT=21 DEFAULT CHARSET=utf8;

/*Data for the table `resident` */

insert  into `resident`(`RESIDENT_ID`,`LOGIN_ID`,`LOGIN_PWD`,`RESIDENT_NAME`,`RES_CONTACT_NO`,`RES_LANDLINE_NO`,`RES_ADD_COMM`,`RES_ADD_PERMANENT`,`RES_ALT_CONTACT_NO`,`RES_EMAIL_ID`,`ID_PROOF_TYPE`,`ID_PROOF_NO`,`ISACTIVE`,`VERIFIED`,`ROLE`,`FLATNO`) values 
(10,'cpattnaik@y.com','cpattnaik@y.com','Chiranjit Pattnaik','5555555555',NULL,'CSPUR','CSPUR','5555555555','cpattnaik@y.com',NULL,NULL,'Y','Y',NULL,'A4-A'),
(11,'mdwibedi@y.com','mdwibedi@y.com','Manish Dwibedi ','4444444444',NULL,'PATIA','CSPUR','888888888','mdwibedi@y.com',NULL,NULL,'Y','Y',NULL,'A4-B'),
(12,'smohanty@y.com','smohanty@y.com','Sourajit Mohanty','4444444444',NULL,'PATIA','CSPUR','888888889','smohanty@y.com',NULL,NULL,'Y','Y',NULL,'A4-C'),
(13,'aparija@y.com','aparija@y.com','Ansuman Parija','4444444444',NULL,'PATIA','CSPUR','888888890','aparija@y.com',NULL,NULL,'Y','Y',NULL,'A3-A'),
(14,'ktripathy@y.com','ktripathy@y.com','Kishore Tripathy','4444444444',NULL,'PATIA','CSPUR','888888891','ktripathy@y.com',NULL,NULL,'Y','Y',NULL,'A3-B'),
(15,'psarangi@y.com','psarangi@y.com','Pritam Sarangi ','4444444444',NULL,'PATIA','CSPUR','888888893','psarangi@y.com',NULL,NULL,'Y','Y',NULL,'A2-A'),
(16,'bmohapatra@y.com','bmohapatra@y.com','Biplab Mahapatra','4444444444',NULL,'PATIA','CSPUR','888888894','bmohapatra@y.com',NULL,NULL,'Y','Y',NULL,'A2-B'),
(17,'apratap@y.com','apratap@y.com','Amit Pratap ','4444444444',NULL,'PATIA','CSPUR','888888895','apratap@y.com',NULL,NULL,'Y','Y',NULL,'A2-C'),
(18,'TBC','TBC','Biswajit Sahoo','565788889',NULL,'cspur','null','989778686','bsahoo@y.com','AC','GHFRD','Y','Y',NULL,'A2-B'),
(19,'TBC','TBC','Himanshu Das','88888888',NULL,'cspur','null','898979869','himanshu@y.com','AC','DRTB567','Y','Y',NULL,'A1-A'),
(20,'TBC','TBC','Akshay Kumar','666666666',NULL,'dgfdgdfgdf dgdfghdf','null','888888888','akshay@y.com','DL','dfds4555','Y','Y',NULL,'A2-C');

/*Table structure for table `tenant_detail` */

DROP TABLE IF EXISTS `tenant_detail`;

CREATE TABLE `tenant_detail` (
  `TENANT_ID` bigint(20) NOT NULL AUTO_INCREMENT,
  `TENANT_NAME` varchar(50) NOT NULL,
  `OWNER_ID` bigint(20) NOT NULL DEFAULT '0',
  `FLAT_ID` bigint(20) DEFAULT NULL,
  `TE_ADD_COMM` varchar(100) NOT NULL,
  `TE_ADD_PERMANENT` varchar(100) NOT NULL,
  `TE_EMAIL_ID` varchar(50) DEFAULT NULL,
  `TE_CONTACT_NO` varchar(4000) DEFAULT NULL,
  `TE_ALT_CONTACT_NO` varchar(4000) DEFAULT NULL,
  `ID_PROOF_TYPE` varchar(50) DEFAULT NULL,
  `ISVERIFIED` varchar(3) DEFAULT NULL,
  `ID_PROOF_NO` varchar(45) DEFAULT NULL,
  `STAYING_FROM_DATE` datetime DEFAULT NULL,
  `STAYING_END_DATE` datetime DEFAULT NULL,
  `ISACTIVE` varchar(3) DEFAULT NULL,
  PRIMARY KEY (`TENANT_ID`)
) ENGINE=InnoDB AUTO_INCREMENT=13 DEFAULT CHARSET=utf8;

/*Data for the table `tenant_detail` */

insert  into `tenant_detail`(`TENANT_ID`,`TENANT_NAME`,`OWNER_ID`,`FLAT_ID`,`TE_ADD_COMM`,`TE_ADD_PERMANENT`,`TE_EMAIL_ID`,`TE_CONTACT_NO`,`TE_ALT_CONTACT_NO`,`ID_PROOF_TYPE`,`ISVERIFIED`,`ID_PROOF_NO`,`STAYING_FROM_DATE`,`STAYING_END_DATE`,`ISACTIVE`) values 
(8,'miku dwibedi',13,67,'cxbxcbxc','cxbxcbxc','miku@y.com','7777777','6666666','AC','Y','xcvxcvxc','2017-09-16 23:12:14','2017-09-17 08:36:35','N'),
(9,'Dilip Mohanty',13,67,'gdsgs gs sg sg','gdsgs gs sg sg','dilip@y.com','555555','99999999','PA','Y','ddsgsdg','2017-09-17 08:45:31','2017-09-17 08:53:50','N'),
(10,'Raghav Das',13,67,'dsb hdfh dhf','dsb hdfh dhf','raghav@y.com','5555555','444444444','DL','Y','fhdfgfdg','2017-09-17 08:54:44','2017-09-17 11:57:03','N'),
(11,'Kumar Biswas',13,67,'hjjf  jfjhfhjfjf','hjjf  jfjhfhjfjf','kumar@y.com','444444','5555555','DL','Y','xzcvxzc','2017-09-17 11:58:05',NULL,'Y'),
(12,'sadsadsa',13,65,'wfwefwef','wfwefwef','asssdsd@y.com','55555555','555555','AC','Y','sacasdasd','2017-10-08 22:28:27',NULL,'Y');

/*Table structure for table `worker` */

DROP TABLE IF EXISTS `worker`;

CREATE TABLE `worker` (
  `WORKERID` bigint(20) NOT NULL AUTO_INCREMENT,
  `WORKERNAME` varchar(50) DEFAULT NULL,
  `WORKERCONTACTNO` varchar(15) DEFAULT NULL,
  `WORKERPROOFID` varchar(50) DEFAULT NULL,
  `WORKERPROOFTYPE` varchar(50) DEFAULT NULL,
  `WORKERADDR` varchar(500) DEFAULT NULL,
  `WORKERJOBTYPE` varchar(20) DEFAULT NULL,
  `WORKERJOBDESC` varchar(100) DEFAULT NULL,
  `ISACTIVE` varchar(45) NOT NULL,
  PRIMARY KEY (`WORKERID`)
) ENGINE=InnoDB AUTO_INCREMENT=103 DEFAULT CHARSET=utf8;

/*Data for the table `worker` */

insert  into `worker`(`WORKERID`,`WORKERNAME`,`WORKERCONTACTNO`,`WORKERPROOFID`,`WORKERPROOFTYPE`,`WORKERADDR`,`WORKERJOBTYPE`,`WORKERJOBDESC`,`ISACTIVE`) values 
(101,'Sooraj Pandey','3265987458','AYYueyh7','PA','SambalPur','CK','Khana','N'),
(102,'Ravish Kumar','7777777','420DFG','AC','dfbsdbfsdbfsdf','SW','SW','Y');

/*Table structure for table `workermap` */

DROP TABLE IF EXISTS `workermap`;

CREATE TABLE `workermap` (
  `WORKERID` double NOT NULL AUTO_INCREMENT,
  `FLATID` double NOT NULL,
  `CONTRACTSTARTEDT` datetime NOT NULL,
  `JOBTYPE` varchar(20) DEFAULT NULL,
  `JOBDESC` varchar(100) DEFAULT NULL,
  `ISACTIVE` varchar(3) DEFAULT NULL,
  `CONTRACTENDDT` datetime DEFAULT NULL,
  PRIMARY KEY (`WORKERID`,`FLATID`,`CONTRACTSTARTEDT`)
) ENGINE=InnoDB AUTO_INCREMENT=103 DEFAULT CHARSET=utf8;

/*Data for the table `workermap` */

insert  into `workermap`(`WORKERID`,`FLATID`,`CONTRACTSTARTEDT`,`JOBTYPE`,`JOBDESC`,`ISACTIVE`,`CONTRACTENDDT`) values 
(1,7,'2017-08-20 15:38:28',NULL,NULL,'Y',NULL),
(2,7,'2017-08-20 15:38:31',NULL,NULL,'Y',NULL),
(3,7,'2017-08-20 18:14:29',NULL,NULL,'Y',NULL),
(101,7,'2017-08-20 23:58:09',NULL,NULL,'Y',NULL),
(101,67,'2017-09-17 12:02:02',NULL,NULL,'Y',NULL),
(102,67,'2017-09-16 23:21:30',NULL,NULL,'N','2017-10-08 22:42:40'),
(102,67,'2017-10-08 22:43:04',NULL,NULL,'Y',NULL);

/* Procedure structure for procedure `CALCULATE_BILL_DETAILS` */

/*!50003 DROP PROCEDURE IF EXISTS  `CALCULATE_BILL_DETAILS` */;

DELIMITER $$

/*!50003 CREATE DEFINER=`ams`@`localhost` PROCEDURE `CALCULATE_BILL_DETAILS`()
BEGIN
	INSERT INTO BILL_DETAILS(APT_ID,BILL_TYP_ID,BILL_FREQ_ID,BILL_AMOUNT,CR_DR_INDICATOR, LST_UPDT_ID,LST_UPDT_DT,NOTEBOOK_STATUS)
	SELECT T.APT_ID, T.BILL_TYP_ID, F.BILL_FREQ_ID ,((30 DIV F.BILL_FREQ_ID)*T.BILL_AMOUNT),T.CR_DR_INDICATOR,'SYSTEM',CURRENT_DATE,1
	FROM BILL_FREQUENCY F, BILL_TYPE T
	WHERE F.BILL_FREQ_ID = T.BILL_FREQ_ID
	AND T.BILL_TYP_APPLICABLE='Y';
    END */$$
DELIMITER ;

/* Procedure structure for procedure `CALCULATE_BILL_NOTEBOOK` */

/*!50003 DROP PROCEDURE IF EXISTS  `CALCULATE_BILL_NOTEBOOK` */;

DELIMITER $$

/*!50003 CREATE DEFINER=`ams`@`localhost` PROCEDURE `CALCULATE_BILL_NOTEBOOK`()
BEGIN
	INSERT INTO BILLING_NOTEBOOK(APT_ID,FLAT_ID,BILL_ID,BILL_AMOUNT,CR_DR_INDICATOR,BILL_GENERATION_DT,LST_UPDT_ID,LST_UPDT_DT)
	SELECT B.APT_ID, D.FLAT_ID,B.BILL_ID,B.BILL_AMOUNT,B.CR_DR_INDICATOR,B.LST_UPDT_DT,B.LST_UPDT_ID,CURRENT_TIMESTAMP
	FROM APT_MASTER A, APT_DETAIL D,BILL_DETAILS B
	WHERE A.APT_ID = D.APT_ID
	AND A.APT_ID = B.APT_ID;
    END */$$
DELIMITER ;

/* Procedure structure for procedure `CALCULATE_BILL_SUMMARY` */

/*!50003 DROP PROCEDURE IF EXISTS  `CALCULATE_BILL_SUMMARY` */;

DELIMITER $$

/*!50003 CREATE DEFINER=`ams`@`localhost` PROCEDURE `CALCULATE_BILL_SUMMARY`()
BEGIN
	INSERT INTO BILLING_SUMMARY(APT_ID,FLAT_ID,BILL_AMOUNT,STA_CD,BILL_GENERATION_DT,LST_UPDT_ID,LST_UPDT_DT) 
	SELECT APT_ID,FLAT_ID,SUM(BILL_AMOUNT),1,BILL_GENERATION_DT,LST_UPDT_ID,LST_UPDT_DT FROM BILLING_NOTEBOOK
	GROUP BY APT_ID,FLAT_ID,BILL_GENERATION_DT,LST_UPDT_ID,LST_UPDT_DT;
    END */$$
DELIMITER ;

/*!40101 SET SQL_MODE=@OLD_SQL_MODE */;
/*!40014 SET FOREIGN_KEY_CHECKS=@OLD_FOREIGN_KEY_CHECKS */;
/*!40014 SET UNIQUE_CHECKS=@OLD_UNIQUE_CHECKS */;
/*!40111 SET SQL_NOTES=@OLD_SQL_NOTES */;
